src,tar,src_type,tar_type
_025_,_382_,net,cell
_382_,net36,cell,net
_335_,_385_,net,cell
_385_,dpath.a_lt_b$in1\[1\],cell,net
_378_,_386_,net,cell
_386_,dpath.a_lt_b$in1\[0\],cell,net
_370_,_387_,net,cell
_387_,dpath.a_lt_b$in1\[3\],cell,net
_373_,_388_,net,cell
_388_,dpath.a_lt_b$in1\[2\],cell,net
_364_,_389_,net,cell
_389_,dpath.a_lt_b$in1\[5\],cell,net
net117,_390_,net,cell
_390_,dpath.a_lt_b$in1\[4\],cell,net
_358_,_391_,net,cell
_391_,dpath.a_lt_b$in1\[7\],cell,net
_361_,_392_,net,cell
_392_,dpath.a_lt_b$in1\[6\],cell,net
net168,_393_,net,cell
_393_,dpath.a_lt_b$in1\[9\],cell,net
_355_,_394_,net,cell
_394_,dpath.a_lt_b$in1\[8\],cell,net
_346_,_395_,net,cell
_395_,dpath.a_lt_b$in1\[11\],cell,net
_349_,_396_,net,cell
_396_,dpath.a_lt_b$in1\[10\],cell,net
_340_,_397_,net,cell
_397_,dpath.a_lt_b$in1\[13\],cell,net
_343_,_398_,net,cell
_398_,dpath.a_lt_b$in1\[12\],cell,net
_043_,_399_,net,cell
_399_,dpath.a_lt_b$in1\[15\],cell,net
_337_,_400_,net,cell
_400_,dpath.a_lt_b$in1\[14\],cell,net
net33,_402_,net,cell
net36,_402_,net,cell
_402_,_090_,cell,net
net150,_403_,net,cell
net148,_403_,net,cell
net92,_403_,net,cell
_046_,_403_,net,cell
_403_,_091_,cell,net
net77,_405_,net,cell
net66,_405_,net,cell
net86,_405_,net,cell
net73,_405_,net,cell
_405_,_093_,cell,net
net62,_406_,net,cell
net114,_406_,net,cell
_091_,_406_,net,cell
_093_,_406_,net,cell
_406_,_094_,cell,net
net83,_411_,net,cell
net97,_411_,net,cell
net109,_411_,net,cell
_411_,_099_,cell,net
net104,_412_,net,cell
net37,_412_,net,cell
_052_,_412_,net,cell
_099_,_412_,net,cell
_412_,_100_,cell,net
_094_,_413_,net,cell
_100_,_413_,net,cell
_413_,_101_,cell,net
_053_,_415_,net,cell
_415_,_103_,cell,net
_103_,_416_,net,cell
_052_,_416_,net,cell
_024_,_416_,net,cell
_416_,_104_,cell,net
net103,_417_,net,cell
net99,_417_,net,cell
_417_,_105_,cell,net
_022_,_418_,net,cell
net95,_418_,net,cell
_021_,_418_,net,cell
_418_,_106_,cell,net
_104_,_419_,net,cell
_105_,_419_,net,cell
_106_,_419_,net,cell
_419_,_107_,cell,net
net84,_420_,net,cell
net111,_420_,net,cell
_094_,_420_,net,cell
_420_,_108_,cell,net
net149,_421_,net,cell
_047_,_421_,net,cell
_006_,_421_,net,cell
_421_,_109_,cell,net
net153,_422_,net,cell
_109_,_422_,net,cell
_004_,_422_,net,cell
_422_,_110_,cell,net
_046_,_423_,net,cell
_110_,_423_,net,cell
_003_,_423_,net,cell
_423_,_111_,cell,net
_091_,_424_,net,cell
_424_,_112_,cell,net
net78,_426_,net,cell
net66,_426_,net,cell
_426_,_114_,cell,net
_013_,_427_,net,cell
net70,_427_,net,cell
_012_,_427_,net,cell
_427_,_115_,cell,net
net76,_428_,net,cell
_048_,_428_,net,cell
_009_,_428_,net,cell
_428_,_116_,cell,net
_114_,_429_,net,cell
_115_,_429_,net,cell
_116_,_429_,net,cell
_429_,_117_,cell,net
net56,_430_,net,cell
net112,_430_,net,cell
_430_,_118_,cell,net
_019_,_431_,net,cell
net107,_431_,net,cell
_018_,_431_,net,cell
_431_,_119_,cell,net
net55,_432_,net,cell
_050_,_432_,net,cell
_015_,_432_,net,cell
_432_,_120_,cell,net
_118_,_433_,net,cell
_119_,_433_,net,cell
_120_,_433_,net,cell
_433_,_121_,cell,net
_091_,_434_,net,cell
_093_,_434_,net,cell
_434_,_122_,cell,net
_112_,_435_,net,cell
_117_,_435_,net,cell
_121_,_435_,net,cell
_122_,_435_,net,cell
_435_,_123_,cell,net
_107_,_436_,net,cell
_108_,_436_,net,cell
_111_,_436_,net,cell
_123_,_436_,net,cell
_436_,_124_,cell,net
net158,_439_,net,cell
_043_,_439_,net,cell
_337_,_439_,net,cell
_340_,_439_,net,cell
_439_,_127_,cell,net
_343_,_440_,net,cell
_346_,_440_,net,cell
_349_,_440_,net,cell
_378_,_440_,net,cell
_127_,_440_,net,cell
_440_,_128_,cell,net
_355_,_441_,net,cell
_358_,_441_,net,cell
_361_,_441_,net,cell
_335_,_441_,net,cell
_441_,_129_,cell,net
_364_,_442_,net,cell
_367_,_442_,net,cell
_370_,_442_,net,cell
_373_,_442_,net,cell
_442_,_130_,cell,net
_128_,_443_,net,cell
_129_,_443_,net,cell
_130_,_443_,net,cell
_443_,_131_,cell,net
_101_,_444_,net,cell
_124_,_444_,net,cell
_131_,_444_,net,cell
_090_,_444_,net,cell
_444_,_132_,cell,net
_044_,_445_,net,cell
_090_,_445_,net,cell
_132_,_445_,net,cell
net34,_445_,net,cell
_445_,_002_,cell,net
_025_,_446_,net,cell
_044_,_446_,net,cell
_446_,_133_,cell,net
_045_,_447_,net,cell
_133_,_447_,net,cell
_447_,net53,cell,net
net33,_448_,net,cell
_448_,_134_,cell,net
_134_,_449_,net,cell
net36,_449_,net,cell
net53,_449_,net,cell
net35,_449_,net,cell
net34,_449_,net,cell
_449_,_000_,cell,net
_025_,_450_,net,cell
_044_,_450_,net,cell
_450_,_135_,cell,net
net35,_452_,net,cell
_135_,_452_,net,cell
_045_,_452_,net,cell
_452_,_137_,cell,net
_044_,_453_,net,cell
_453_,_138_,cell,net
_101_,_454_,net,cell
_124_,_454_,net,cell
_131_,_454_,net,cell
_138_,_454_,net,cell
_454_,_139_,cell,net
net34,_455_,net,cell
_455_,_140_,cell,net
_137_,_456_,net,cell
_139_,_456_,net,cell
_140_,_456_,net,cell
_456_,_001_,cell,net
_353_,_457_,net,cell
_457_,dpath.a_lt_b$in0\[9\],cell,net
_356_,_458_,net,cell
_458_,dpath.a_lt_b$in0\[8\],cell,net
_359_,_459_,net,cell
_459_,dpath.a_lt_b$in0\[7\],cell,net
_362_,_460_,net,cell
_460_,dpath.a_lt_b$in0\[6\],cell,net
_365_,_461_,net,cell
_461_,dpath.a_lt_b$in0\[5\],cell,net
_368_,_462_,net,cell
_462_,dpath.a_lt_b$in0\[4\],cell,net
_371_,_463_,net,cell
_463_,dpath.a_lt_b$in0\[3\],cell,net
_374_,_464_,net,cell
_464_,dpath.a_lt_b$in0\[2\],cell,net
_376_,_465_,net,cell
_465_,dpath.a_lt_b$in0\[1\],cell,net
_338_,_466_,net,cell
_466_,dpath.a_lt_b$in0\[14\],cell,net
_341_,_467_,net,cell
_467_,dpath.a_lt_b$in0\[13\],cell,net
_344_,_468_,net,cell
_468_,dpath.a_lt_b$in0\[12\],cell,net
_347_,_469_,net,cell
_469_,dpath.a_lt_b$in0\[11\],cell,net
_350_,_470_,net,cell
_470_,dpath.a_lt_b$in0\[10\],cell,net
_379_,_471_,net,cell
_471_,dpath.a_lt_b$in0\[0\],cell,net
_025_,_472_,net,cell
_138_,_472_,net,cell
_472_,_141_,cell,net
_101_,_473_,net,cell
_141_,_473_,net,cell
_473_,_142_,cell,net
_378_,_475_,net,cell
net154,_475_,net,cell
_142_,_475_,net,cell
_475_,_144_,cell,net
_025_,_476_,net,cell
_138_,_476_,net,cell
_476_,_145_,cell,net
_101_,_477_,net,cell
_124_,_477_,net,cell
_145_,_477_,net,cell
net37,_477_,net,cell
_477_,_146_,cell,net
net36,_479_,net,cell
net8,_479_,net,cell
_135_,_479_,net,cell
_479_,_148_,cell,net
net36,_480_,net,cell
dpath.a_lt_b$in0\[0\],_480_,net,cell
_138_,_480_,net,cell
_144_,_480_,net,cell
_146_,_480_,net,cell
_148_,_480_,net,cell
_480_,_054_,cell,net
_349_,_481_,net,cell
net154,_481_,net,cell
_142_,_481_,net,cell
_481_,_149_,cell,net
net36,_482_,net,cell
net19,_482_,net,cell
_135_,_482_,net,cell
_482_,_150_,cell,net
net108,_483_,net,cell
_483_,_151_,cell,net
net82,_484_,net,cell
net163,_484_,net,cell
net162,_484_,net,cell
_484_,_152_,cell,net
net105,_485_,net,cell
_028_,_485_,net,cell
_030_,_485_,net,cell
_485_,_153_,cell,net
net85,_486_,net,cell
net98,_486_,net,cell
net110,_486_,net,cell
_486_,_154_,cell,net
_033_,_487_,net,cell
_487_,_155_,cell,net
_151_,_488_,net,cell
_152_,_488_,net,cell
_153_,_488_,net,cell
_154_,_488_,net,cell
_155_,_488_,net,cell
_488_,_156_,cell,net
net169,_489_,net,cell
net72,_489_,net,cell
net156,_489_,net,cell
_489_,_157_,cell,net
net57,_491_,net,cell
_034_,_491_,net,cell
_035_,_491_,net,cell
_491_,_159_,cell,net
net64,_492_,net,cell
_157_,_492_,net,cell
_159_,_492_,net,cell
_492_,_160_,cell,net
_118_,_493_,net,cell
_156_,_493_,net,cell
_160_,_493_,net,cell
_493_,_161_,cell,net
net88,_494_,net,cell
net74,_494_,net,cell
_494_,_162_,cell,net
net64,_495_,net,cell
_118_,_495_,net,cell
_162_,_495_,net,cell
_156_,_495_,net,cell
_495_,_163_,cell,net
net63,_496_,net,cell
_162_,_496_,net,cell
_159_,_496_,net,cell
_496_,_164_,cell,net
net64,_497_,net,cell
_157_,_497_,net,cell
_164_,_497_,net,cell
_497_,_165_,cell,net
net65,_498_,net,cell
_162_,_498_,net,cell
_157_,_498_,net,cell
_498_,_166_,cell,net
_161_,_499_,net,cell
_163_,_499_,net,cell
_165_,_499_,net,cell
_166_,_499_,net,cell
_499_,net38,cell,net
_101_,_500_,net,cell
_124_,_500_,net,cell
_145_,_500_,net,cell
net38,_500_,net,cell
_500_,_167_,cell,net
net36,_501_,net,cell
dpath.a_lt_b$in0\[10\],_501_,net,cell
_138_,_501_,net,cell
_149_,_501_,net,cell
_150_,_501_,net,cell
_167_,_501_,net,cell
_501_,_055_,cell,net
_124_,_502_,net,cell
_142_,_502_,net,cell
_502_,_168_,cell,net
_101_,_504_,net,cell
_124_,_504_,net,cell
_145_,_504_,net,cell
_504_,_170_,cell,net
net68,_505_,net,cell
net75,_505_,net,cell
net89,_505_,net,cell
_505_,_171_,cell,net
_334_,_506_,net,cell
_506_,_172_,cell,net
net100,_507_,net,cell
_027_,_507_,net,cell
_030_,_507_,net,cell
_507_,_173_,cell,net
net102,_508_,net,cell
_172_,_508_,net,cell
_052_,_508_,net,cell
_173_,_508_,net,cell
_508_,_174_,cell,net
_099_,_509_,net,cell
net113,_509_,net,cell
_509_,_175_,cell,net
net83,_510_,net,cell
_031_,_510_,net,cell
net109,_510_,net,cell
_510_,_176_,cell,net
_032_,_511_,net,cell
net108,_511_,net,cell
_033_,_511_,net,cell
_511_,_177_,cell,net
_176_,_512_,net,cell
_177_,_512_,net,cell
net113,_512_,net,cell
_512_,_178_,cell,net
_175_,_513_,net,cell
_174_,_513_,net,cell
_178_,_513_,net,cell
_034_,_513_,net,cell
_513_,_179_,cell,net
_014_,_515_,net,cell
_035_,_515_,net,cell
_036_,_515_,net,cell
_515_,_181_,cell,net
net69,_516_,net,cell
net73,_516_,net,cell
_516_,_182_,cell,net
net69,_517_,net,cell
_037_,_517_,net,cell
_038_,_517_,net,cell
_517_,_183_,cell,net
_181_,_518_,net,cell
_182_,_518_,net,cell
_183_,_518_,net,cell
_518_,_184_,cell,net
_179_,_519_,net,cell
_171_,_519_,net,cell
net61,_519_,net,cell
_184_,_519_,net,cell
_519_,_185_,cell,net
net79,_520_,net,cell
_520_,net39,cell,net
_185_,_520_,net,cell
net36,_521_,net,cell
net20,_521_,net,cell
_135_,_521_,net,cell
_521_,_186_,cell,net
dpath.a_lt_b$in0\[11\],_522_,net,cell
_133_,_522_,net,cell
_186_,_522_,net,cell
_522_,_187_,cell,net
dpath.a_lt_b$in1\[11\],_523_,net,cell
_168_,_523_,net,cell
_170_,_523_,net,cell
net39,_523_,net,cell
_187_,_523_,net,cell
_523_,_056_,cell,net
_344_,_524_,net,cell
_135_,_524_,net,cell
_524_,_188_,cell,net
net36,_525_,net,cell
net21,_525_,net,cell
_135_,_525_,net,cell
_525_,_189_,cell,net
net105,_526_,net,cell
_028_,_526_,net,cell
_030_,_526_,net,cell
_526_,_190_,cell,net
_099_,_527_,net,cell
_190_,_527_,net,cell
_177_,_527_,net,cell
_176_,_527_,net,cell
_527_,_191_,cell,net
net62,_528_,net,cell
net115,_528_,net,cell
_093_,_528_,net,cell
_528_,_192_,cell,net
net169,_529_,net,cell
net71,_529_,net,cell
_037_,_529_,net,cell
_529_,_193_,cell,net
net57,_530_,net,cell
_034_,_530_,net,cell
_035_,_530_,net,cell
_530_,_194_,cell,net
net77,_531_,net,cell
_038_,_531_,net,cell
_039_,_531_,net,cell
_531_,_195_,cell,net
_114_,_532_,net,cell
_193_,_532_,net,cell
_194_,_532_,net,cell
_093_,_532_,net,cell
_195_,_532_,net,cell
_532_,_196_,cell,net
_191_,_533_,net,cell
_192_,_533_,net,cell
_196_,_533_,net,cell
_533_,_197_,cell,net
net91,_534_,net,cell
_534_,net40,cell,net
_197_,_534_,net,cell
_101_,_535_,net,cell
_124_,_535_,net,cell
_145_,_535_,net,cell
net40,_535_,net,cell
_535_,_198_,cell,net
dpath.a_lt_b$in1\[12\],_536_,net,cell
_168_,_536_,net,cell
_188_,_536_,net,cell
_189_,_536_,net,cell
_198_,_536_,net,cell
_536_,_057_,cell,net
_101_,_538_,net,cell
net154,_538_,net,cell
_145_,_538_,net,cell
_538_,_200_,cell,net
net60,_539_,net,cell
_171_,_539_,net,cell
net160,_539_,net,cell
_539_,_201_,cell,net
net148,_540_,net,cell
_540_,_202_,cell,net
net92,_541_,net,cell
_039_,_541_,net,cell
_040_,_541_,net,cell
_541_,_203_,cell,net
_202_,_542_,net,cell
_184_,_542_,net,cell
_203_,_542_,net,cell
_542_,_204_,cell,net
net92,_543_,net,cell
net79,_543_,net,cell
_543_,_205_,cell,net
_202_,_544_,net,cell
_184_,_544_,net,cell
_205_,_544_,net,cell
_544_,_206_,cell,net
net90,_545_,net,cell
_039_,_545_,net,cell
_040_,_545_,net,cell
_545_,_207_,cell,net
net93,_546_,net,cell
net80,_546_,net,cell
_546_,_208_,cell,net
net147,_547_,net,cell
_207_,_547_,net,cell
_208_,_547_,net,cell
_547_,_209_,cell,net
_202_,_548_,net,cell
_203_,_548_,net,cell
_206_,_548_,net,cell
_209_,_548_,net,cell
_548_,_210_,cell,net
_202_,_549_,net,cell
_179_,_549_,net,cell
_171_,_549_,net,cell
net59,_549_,net,cell
_205_,_549_,net,cell
_549_,_211_,cell,net
_201_,_550_,net,cell
_204_,_550_,net,cell
_211_,_550_,net,cell
_210_,_550_,net,cell
_550_,_212_,cell,net
net36,_552_,net,cell
net22,_552_,net,cell
_135_,_552_,net,cell
_552_,_214_,cell,net
dpath.a_lt_b$in0\[13\],_553_,net,cell
_133_,_553_,net,cell
_214_,_553_,net,cell
_553_,_215_,cell,net
_340_,_554_,net,cell
net154,_554_,net,cell
_142_,_554_,net,cell
_215_,_554_,net,cell
_554_,_216_,cell,net
_200_,_555_,net,cell
_212_,_555_,net,cell
_216_,_555_,net,cell
_555_,_058_,cell,net
_338_,_556_,net,cell
_135_,_556_,net,cell
_556_,_217_,cell,net
net36,_557_,net,cell
net24,_557_,net,cell
_135_,_557_,net,cell
_557_,_218_,cell,net
_171_,_558_,net,cell
net115,_558_,net,cell
net62,_558_,net,cell
_558_,_219_,cell,net
net67,_559_,net,cell
_193_,_559_,net,cell
_171_,_559_,net,cell
_194_,_559_,net,cell
_038_,_559_,net,cell
_559_,_220_,cell,net
_191_,_560_,net,cell
_219_,_560_,net,cell
_220_,_560_,net,cell
_560_,_221_,cell,net
net152,_561_,net,cell
_202_,_561_,net,cell
_208_,_561_,net,cell
_561_,_222_,cell,net
net150,_562_,net,cell
_562_,_223_,cell,net
_223_,_563_,net,cell
_041_,_563_,net,cell
_203_,_563_,net,cell
_563_,_224_,cell,net
_191_,_564_,net,cell
_219_,_564_,net,cell
_224_,_564_,net,cell
_220_,_564_,net,cell
_564_,_225_,cell,net
_223_,_565_,net,cell
_041_,_565_,net,cell
_203_,_565_,net,cell
_205_,_565_,net,cell
_565_,_226_,cell,net
net151,_566_,net,cell
_202_,_566_,net,cell
_207_,_566_,net,cell
_566_,_227_,cell,net
_223_,_567_,net,cell
_041_,_567_,net,cell
_567_,_228_,cell,net
_223_,_568_,net,cell
net147,_568_,net,cell
_041_,_568_,net,cell
_568_,_229_,cell,net
_226_,_569_,net,cell
_227_,_569_,net,cell
_228_,_569_,net,cell
_229_,_569_,net,cell
_569_,_230_,cell,net
_221_,_570_,net,cell
_222_,_570_,net,cell
_230_,_570_,net,cell
_225_,_570_,net,cell
_570_,net42,cell,net
_101_,_571_,net,cell
_124_,_571_,net,cell
_145_,_571_,net,cell
net42,_571_,net,cell
_571_,_231_,cell,net
dpath.a_lt_b$in1\[14\],_572_,net,cell
_168_,_572_,net,cell
_217_,_572_,net,cell
_218_,_572_,net,cell
_231_,_572_,net,cell
_572_,_059_,cell,net
_046_,_573_,net,cell
_573_,_232_,cell,net
_005_,_574_,net,cell
_041_,_574_,net,cell
_042_,_574_,net,cell
_574_,_233_,cell,net
_203_,_575_,net,cell
_233_,_575_,net,cell
_575_,_234_,cell,net
_232_,_576_,net,cell
_184_,_576_,net,cell
_234_,_576_,net,cell
_576_,_235_,cell,net
net150,_577_,net,cell
net146,_577_,net,cell
_577_,_236_,cell,net
_203_,_578_,net,cell
_205_,_578_,net,cell
_236_,_578_,net,cell
_578_,_237_,cell,net
_233_,_579_,net,cell
_237_,_579_,net,cell
_232_,_579_,net,cell
_579_,_238_,cell,net
_179_,_580_,net,cell
_171_,_580_,net,cell
net59,_580_,net,cell
_238_,_580_,net,cell
_580_,_239_,cell,net
_233_,_581_,net,cell
_237_,_581_,net,cell
_581_,_240_,cell,net
_233_,_582_,net,cell
_237_,_582_,net,cell
_234_,_582_,net,cell
_184_,_582_,net,cell
_232_,_582_,net,cell
_582_,_241_,cell,net
_046_,_583_,net,cell
_240_,_583_,net,cell
_241_,_583_,net,cell
_583_,_242_,cell,net
_201_,_584_,net,cell
_235_,_584_,net,cell
_242_,_584_,net,cell
_239_,_584_,net,cell
_584_,_243_,cell,net
net36,_585_,net,cell
net25,_585_,net,cell
_135_,_585_,net,cell
_585_,_244_,cell,net
_336_,_586_,net,cell
_135_,_586_,net,cell
_244_,_586_,net,cell
_586_,_245_,cell,net
_043_,_587_,net,cell
net154,_587_,net,cell
_142_,_587_,net,cell
_245_,_587_,net,cell
_587_,_246_,cell,net
_200_,_588_,net,cell
_243_,_588_,net,cell
_246_,_588_,net,cell
_588_,_060_,cell,net
_335_,_590_,net,cell
_124_,_590_,net,cell
_142_,_590_,net,cell
_590_,_248_,cell,net
_026_,_591_,net,cell
_591_,net44,cell,net
_025_,_592_,net,cell
net44,_592_,net,cell
_138_,_592_,net,cell
_592_,_249_,cell,net
_026_,_593_,net,cell
_094_,_593_,net,cell
_100_,_593_,net,cell
_141_,_593_,net,cell
_593_,_250_,cell,net
_250_,_594_,net,cell
_594_,_251_,cell,net
net36,_595_,net,cell
net9,_595_,net,cell
_135_,_595_,net,cell
_595_,_252_,cell,net
net154,_596_,net,cell
_249_,_596_,net,cell
_251_,_596_,net,cell
_252_,_596_,net,cell
_596_,_253_,cell,net
_376_,_597_,net,cell
_135_,_597_,net,cell
_248_,_597_,net,cell
_253_,_597_,net,cell
_597_,_061_,cell,net
_373_,_598_,net,cell
net154,_598_,net,cell
_142_,_598_,net,cell
_598_,_254_,cell,net
net36,_599_,net,cell
net10,_599_,net,cell
_135_,_599_,net,cell
_599_,_255_,cell,net
net101,_600_,net,cell
_600_,net45,cell,net
_028_,_600_,net,cell
_101_,_601_,net,cell
_124_,_601_,net,cell
_145_,_601_,net,cell
net45,_601_,net,cell
_601_,_256_,cell,net
net36,_602_,net,cell
dpath.a_lt_b$in0\[2\],_602_,net,cell
_138_,_602_,net,cell
_254_,_602_,net,cell
_255_,_602_,net,cell
_256_,_602_,net,cell
_602_,_062_,cell,net
_370_,_603_,net,cell
net154,_603_,net,cell
_142_,_603_,net,cell
_603_,_257_,cell,net
net36,_604_,net,cell
net11,_604_,net,cell
_135_,_604_,net,cell
_604_,_258_,cell,net
net96,_605_,net,cell
_605_,net46,cell,net
_174_,_605_,net,cell
_101_,_606_,net,cell
_124_,_606_,net,cell
_145_,_606_,net,cell
net46,_606_,net,cell
_606_,_259_,cell,net
net36,_607_,net,cell
dpath.a_lt_b$in0\[3\],_607_,net,cell
_138_,_607_,net,cell
_257_,_607_,net,cell
_258_,_607_,net,cell
_259_,_607_,net,cell
_607_,_063_,cell,net
net117,_608_,net,cell
net154,_608_,net,cell
_142_,_608_,net,cell
_608_,_260_,cell,net
net36,_609_,net,cell
net13,_609_,net,cell
_135_,_609_,net,cell
_609_,_261_,cell,net
net97,_610_,net,cell
_190_,_610_,net,cell
_031_,_610_,net,cell
_610_,_262_,cell,net
net81,_611_,net,cell
_611_,net47,cell,net
_262_,_611_,net,cell
_101_,_612_,net,cell
_124_,_612_,net,cell
_145_,_612_,net,cell
net47,_612_,net,cell
_612_,_263_,cell,net
net36,_613_,net,cell
dpath.a_lt_b$in0\[4\],_613_,net,cell
_138_,_613_,net,cell
_260_,_613_,net,cell
_261_,_613_,net,cell
_263_,_613_,net,cell
_613_,_064_,cell,net
net94,_614_,net,cell
_174_,_614_,net,cell
_031_,_614_,net,cell
_614_,_264_,cell,net
net118,_615_,net,cell
_264_,_615_,net,cell
_032_,_615_,net,cell
_615_,_265_,cell,net
_265_,_616_,net,cell
_616_,net48,cell,net
_151_,_616_,net,cell
_025_,_618_,net,cell
dpath.a_lt_b$in0\[5\],_618_,net,cell
_044_,_618_,net,cell
_618_,_267_,cell,net
net36,_619_,net,cell
net14,_619_,net,cell
_267_,_619_,net,cell
_619_,_268_,cell,net
dpath.a_lt_b$in1\[5\],_620_,net,cell
_168_,_620_,net,cell
_170_,_620_,net,cell
net48,_620_,net,cell
_268_,_620_,net,cell
_620_,_065_,cell,net
_156_,_621_,net,cell
_621_,net49,cell,net
net113,_621_,net,cell
_025_,_622_,net,cell
dpath.a_lt_b$in0\[6\],_622_,net,cell
_044_,_622_,net,cell
_622_,_269_,cell,net
net36,_623_,net,cell
net15,_623_,net,cell
_269_,_623_,net,cell
_623_,_270_,cell,net
dpath.a_lt_b$in1\[6\],_624_,net,cell
_168_,_624_,net,cell
_170_,_624_,net,cell
net49,_624_,net,cell
_270_,_624_,net,cell
_624_,_066_,cell,net
net54,_625_,net,cell
_625_,net50,cell,net
net159,_625_,net,cell
_025_,_626_,net,cell
dpath.a_lt_b$in0\[7\],_626_,net,cell
_044_,_626_,net,cell
_626_,_271_,cell,net
net36,_627_,net,cell
net16,_627_,net,cell
_271_,_627_,net,cell
_627_,_272_,cell,net
dpath.a_lt_b$in1\[7\],_628_,net,cell
_168_,_628_,net,cell
_170_,_628_,net,cell
net50,_628_,net,cell
_272_,_628_,net,cell
_628_,_067_,cell,net
_118_,_629_,net,cell
_156_,_629_,net,cell
_159_,_629_,net,cell
_629_,_273_,cell,net
_273_,_630_,net,cell
_630_,net51,cell,net
net87,_630_,net,cell
_025_,_631_,net,cell
dpath.a_lt_b$in0\[8\],_631_,net,cell
_044_,_631_,net,cell
_631_,_274_,cell,net
net36,_632_,net,cell
net17,_632_,net,cell
_274_,_632_,net,cell
_632_,_275_,cell,net
dpath.a_lt_b$in1\[8\],_633_,net,cell
_168_,_633_,net,cell
_170_,_633_,net,cell
net51,_633_,net,cell
_275_,_633_,net,cell
_633_,_068_,cell,net
_014_,_634_,net,cell
_016_,_634_,net,cell
_634_,_276_,cell,net
net160,_635_,net,cell
_276_,_635_,net,cell
_181_,_635_,net,cell
_635_,_277_,cell,net
_277_,_636_,net,cell
_636_,_278_,cell,net
net70,_636_,net,cell
net36,_637_,net,cell
net18,_637_,net,cell
_135_,_637_,net,cell
_637_,_279_,cell,net
dpath.a_lt_b$in0\[9\],_638_,net,cell
_133_,_638_,net,cell
_279_,_638_,net,cell
_638_,_280_,cell,net
_352_,_639_,net,cell
net154,_639_,net,cell
_142_,_639_,net,cell
_280_,_639_,net,cell
_639_,_281_,cell,net
_200_,_640_,net,cell
_278_,_640_,net,cell
_281_,_640_,net,cell
_640_,_069_,cell,net
net36,_642_,net,cell
net1,_642_,net,cell
_642_,_283_,cell,net
net36,_643_,net,cell
_378_,_643_,net,cell
_283_,_643_,net,cell
_643_,_284_,cell,net
_379_,_644_,net,cell
net154,_644_,net,cell
_142_,_644_,net,cell
_644_,_285_,cell,net
net106,_645_,net,cell
_284_,_645_,net,cell
_285_,_645_,net,cell
_645_,_070_,cell,net
net36,_646_,net,cell
net2,_646_,net,cell
_646_,_286_,cell,net
net36,_647_,net,cell
net166,_647_,net,cell
_286_,_647_,net,cell
_647_,_287_,cell,net
net164,_648_,net,cell
net154,_648_,net,cell
_142_,_648_,net,cell
_648_,_288_,cell,net
net106,_649_,net,cell
_287_,_649_,net,cell
_288_,_649_,net,cell
_649_,_071_,cell,net
net36,_650_,net,cell
net3,_650_,net,cell
_650_,_289_,cell,net
net36,_651_,net,cell
_346_,_651_,net,cell
_289_,_651_,net,cell
_651_,_290_,cell,net
_347_,_652_,net,cell
net154,_652_,net,cell
_142_,_652_,net,cell
_652_,_291_,cell,net
net106,_653_,net,cell
_290_,_653_,net,cell
_291_,_653_,net,cell
_653_,_072_,cell,net
net36,_656_,net,cell
net4,_656_,net,cell
_656_,_294_,cell,net
net36,_657_,net,cell
_343_,_657_,net,cell
_294_,_657_,net,cell
_657_,_295_,cell,net
_344_,_658_,net,cell
net154,_658_,net,cell
_142_,_658_,net,cell
_658_,_296_,cell,net
net106,_659_,net,cell
_295_,_659_,net,cell
_296_,_659_,net,cell
_659_,_073_,cell,net
net36,_660_,net,cell
net5,_660_,net,cell
_660_,_297_,cell,net
net36,_661_,net,cell
_340_,_661_,net,cell
_297_,_661_,net,cell
_661_,_298_,cell,net
_341_,_662_,net,cell
net154,_662_,net,cell
_142_,_662_,net,cell
_662_,_299_,cell,net
net106,_663_,net,cell
_298_,_663_,net,cell
_299_,_663_,net,cell
_663_,_074_,cell,net
net36,_664_,net,cell
net6,_664_,net,cell
_664_,_300_,cell,net
net36,_665_,net,cell
_337_,_665_,net,cell
_300_,_665_,net,cell
_665_,_301_,cell,net
_338_,_667_,net,cell
net154,_667_,net,cell
_142_,_667_,net,cell
_667_,_303_,cell,net
net106,_668_,net,cell
_301_,_668_,net,cell
_303_,_668_,net,cell
_668_,_075_,cell,net
net36,_669_,net,cell
net7,_669_,net,cell
_669_,_304_,cell,net
net36,_670_,net,cell
_043_,_670_,net,cell
_304_,_670_,net,cell
_670_,_305_,cell,net
_336_,_671_,net,cell
net154,_671_,net,cell
_142_,_671_,net,cell
_671_,_306_,cell,net
net106,_672_,net,cell
_305_,_672_,net,cell
_306_,_672_,net,cell
_672_,_076_,cell,net
net36,_673_,net,cell
net12,_673_,net,cell
_673_,_307_,cell,net
net36,_674_,net,cell
_335_,_674_,net,cell
_307_,_674_,net,cell
_674_,_308_,cell,net
_376_,_675_,net,cell
_124_,_675_,net,cell
_142_,_675_,net,cell
_675_,_309_,cell,net
net106,_676_,net,cell
_308_,_676_,net,cell
_309_,_676_,net,cell
_676_,_077_,cell,net
net36,_677_,net,cell
net23,_677_,net,cell
_677_,_310_,cell,net
net36,_678_,net,cell
_373_,_678_,net,cell
_310_,_678_,net,cell
_678_,_311_,cell,net
_374_,_679_,net,cell
net154,_679_,net,cell
_142_,_679_,net,cell
_679_,_312_,cell,net
net106,_680_,net,cell
_311_,_680_,net,cell
_312_,_680_,net,cell
_680_,_078_,cell,net
net36,_681_,net,cell
net26,_681_,net,cell
_681_,_313_,cell,net
net36,_682_,net,cell
_370_,_682_,net,cell
_313_,_682_,net,cell
_682_,_314_,cell,net
_371_,_683_,net,cell
_124_,_683_,net,cell
_142_,_683_,net,cell
_683_,_315_,cell,net
net106,_684_,net,cell
_314_,_684_,net,cell
_315_,_684_,net,cell
_684_,_079_,cell,net
net36,_685_,net,cell
net27,_685_,net,cell
_685_,_316_,cell,net
net36,_686_,net,cell
net116,_686_,net,cell
_316_,_686_,net,cell
_686_,_317_,cell,net
net119,_687_,net,cell
net154,_687_,net,cell
_142_,_687_,net,cell
_687_,_318_,cell,net
net106,_688_,net,cell
_317_,_688_,net,cell
_318_,_688_,net,cell
_688_,_080_,cell,net
net36,_689_,net,cell
net28,_689_,net,cell
_689_,_319_,cell,net
net36,_690_,net,cell
_364_,_690_,net,cell
_319_,_690_,net,cell
_690_,_320_,cell,net
_365_,_691_,net,cell
_124_,_691_,net,cell
_142_,_691_,net,cell
_691_,_321_,cell,net
_168_,_692_,net,cell
_320_,_692_,net,cell
_321_,_692_,net,cell
_692_,_081_,cell,net
net36,_693_,net,cell
net29,_693_,net,cell
_693_,_322_,cell,net
net36,_694_,net,cell
_361_,_694_,net,cell
_322_,_694_,net,cell
_694_,_323_,cell,net
_362_,_695_,net,cell
_124_,_695_,net,cell
_142_,_695_,net,cell
_695_,_324_,cell,net
_168_,_696_,net,cell
_323_,_696_,net,cell
_324_,_696_,net,cell
_696_,_082_,cell,net
net36,_697_,net,cell
net30,_697_,net,cell
_697_,_325_,cell,net
net36,_698_,net,cell
_358_,_698_,net,cell
_325_,_698_,net,cell
_698_,_326_,cell,net
_359_,_699_,net,cell
_124_,_699_,net,cell
_142_,_699_,net,cell
_699_,_327_,cell,net
_168_,_700_,net,cell
_326_,_700_,net,cell
_327_,_700_,net,cell
_700_,_083_,cell,net
net36,_701_,net,cell
net31,_701_,net,cell
_701_,_328_,cell,net
net36,_702_,net,cell
_355_,_702_,net,cell
_328_,_702_,net,cell
_702_,_329_,cell,net
_356_,_703_,net,cell
_124_,_703_,net,cell
_142_,_703_,net,cell
_703_,_330_,cell,net
_168_,_704_,net,cell
_329_,_704_,net,cell
_330_,_704_,net,cell
_704_,_084_,cell,net
net36,_705_,net,cell
net32,_705_,net,cell
_705_,_331_,cell,net
net36,_706_,net,cell
_352_,_706_,net,cell
_331_,_706_,net,cell
_706_,_332_,cell,net
_353_,_707_,net,cell
_124_,_707_,net,cell
_142_,_707_,net,cell
_707_,_333_,cell,net
_168_,_708_,net,cell
_332_,_708_,net,cell
_333_,_708_,net,cell
_708_,_085_,cell,net
_212_,_709_,net,cell
_709_,net41,cell,net
_243_,_710_,net,cell
_710_,net43,cell,net
_278_,_711_,net,cell
_711_,net52,cell,net
_712_,_026_,cell,net
_334_,_712_,net,cell
_335_,_712_,net,cell
dpath.a_lt_b$in0\[1\],_712_,net,cell
_712_,_028_,cell,net
dpath.a_lt_b$in1\[15\],_713_,net,cell
_336_,_713_,net,cell
_713_,_003_,cell,net
_713_,_046_,cell,net
dpath.a_lt_b$in0\[14\],_714_,net,cell
_337_,_714_,net,cell
_714_,_042_,cell,net
_714_,_005_,cell,net
dpath.a_lt_b$in1\[14\],_715_,net,cell
_338_,_715_,net,cell
_715_,_004_,cell,net
_715_,_339_,cell,net
dpath.a_lt_b$in0\[13\],_716_,net,cell
_340_,_716_,net,cell
_716_,_041_,cell,net
_716_,_007_,cell,net
dpath.a_lt_b$in1\[13\],_717_,net,cell
_341_,_717_,net,cell
_717_,_006_,cell,net
_717_,_342_,cell,net
dpath.a_lt_b$in0\[12\],_718_,net,cell
_343_,_718_,net,cell
_718_,_040_,cell,net
_718_,_008_,cell,net
dpath.a_lt_b$in1\[12\],_719_,net,cell
_344_,_719_,net,cell
_719_,_047_,cell,net
_719_,_345_,cell,net
dpath.a_lt_b$in0\[11\],_720_,net,cell
_346_,_720_,net,cell
_720_,_039_,cell,net
_720_,_010_,cell,net
dpath.a_lt_b$in1\[11\],_721_,net,cell
_347_,_721_,net,cell
_721_,_009_,cell,net
_721_,_348_,cell,net
dpath.a_lt_b$in0\[10\],_722_,net,cell
_349_,_722_,net,cell
_722_,_038_,cell,net
_722_,_011_,cell,net
dpath.a_lt_b$in1\[10\],_723_,net,cell
net165,_723_,net,cell
_723_,_048_,cell,net
_723_,_351_,cell,net
_352_,_724_,net,cell
dpath.a_lt_b$in0\[9\],_724_,net,cell
_724_,_037_,cell,net
_724_,_049_,cell,net
dpath.a_lt_b$in1\[9\],_725_,net,cell
net157,_725_,net,cell
_725_,_012_,cell,net
_725_,_354_,cell,net
dpath.a_lt_b$in0\[8\],_726_,net,cell
_355_,_726_,net,cell
_726_,_036_,cell,net
_726_,_014_,cell,net
dpath.a_lt_b$in1\[8\],_727_,net,cell
_356_,_727_,net,cell
_727_,_013_,cell,net
_727_,_357_,cell,net
dpath.a_lt_b$in0\[7\],_728_,net,cell
_358_,_728_,net,cell
_728_,_035_,cell,net
_728_,_016_,cell,net
dpath.a_lt_b$in1\[7\],_729_,net,cell
_359_,_729_,net,cell
_729_,_015_,cell,net
_729_,_360_,cell,net
dpath.a_lt_b$in0\[6\],_730_,net,cell
_361_,_730_,net,cell
_730_,_034_,cell,net
_730_,_017_,cell,net
dpath.a_lt_b$in1\[6\],_731_,net,cell
_362_,_731_,net,cell
_731_,_050_,cell,net
_731_,_363_,cell,net
dpath.a_lt_b$in0\[5\],_732_,net,cell
_364_,_732_,net,cell
_732_,_033_,cell,net
_732_,_051_,cell,net
dpath.a_lt_b$in1\[5\],_733_,net,cell
_365_,_733_,net,cell
_733_,_018_,cell,net
_733_,_366_,cell,net
dpath.a_lt_b$in0\[4\],_734_,net,cell
_367_,_734_,net,cell
_734_,_032_,cell,net
_734_,_020_,cell,net
dpath.a_lt_b$in1\[4\],_735_,net,cell
_368_,_735_,net,cell
_735_,_019_,cell,net
_735_,_369_,cell,net
dpath.a_lt_b$in0\[3\],_736_,net,cell
_370_,_736_,net,cell
_736_,_031_,cell,net
_736_,_029_,cell,net
dpath.a_lt_b$in1\[3\],_737_,net,cell
_371_,_737_,net,cell
_737_,_021_,cell,net
_737_,_372_,cell,net
dpath.a_lt_b$in0\[2\],_738_,net,cell
_373_,_738_,net,cell
_738_,_030_,cell,net
_738_,_023_,cell,net
dpath.a_lt_b$in1\[2\],_739_,net,cell
_374_,_739_,net,cell
_739_,_022_,cell,net
_739_,_375_,cell,net
_335_,_740_,net,cell
dpath.a_lt_b$in0\[1\],_740_,net,cell
_740_,_027_,cell,net
_740_,_052_,cell,net
dpath.a_lt_b$in1\[1\],_741_,net,cell
_376_,_741_,net,cell
_741_,_024_,cell,net
_741_,_377_,cell,net
_378_,_742_,net,cell
dpath.a_lt_b$in0\[0\],_742_,net,cell
_742_,_053_,cell,net
_742_,net37,cell,net
dpath.a_lt_b$in1\[0\],_743_,net,cell
_379_,_743_,net,cell
_743_,_334_,cell,net
_743_,_380_,cell,net
clk,clkbuf_0_clk,net,cell
clkbuf_0_clk,clknet_0_clk,cell,net
clknet_0_clk,clkbuf_2_0__f_clk,net,cell
clkbuf_2_0__f_clk,clknet_2_0__leaf_clk,cell,net
clknet_0_clk,clkbuf_2_1__f_clk,net,cell
clkbuf_2_1__f_clk,clknet_2_1__leaf_clk,cell,net
clknet_0_clk,clkbuf_2_2__f_clk,net,cell
clkbuf_2_2__f_clk,clknet_2_2__leaf_clk,cell,net
clknet_0_clk,clkbuf_2_3__f_clk,net,cell
clkbuf_2_3__f_clk,clknet_2_3__leaf_clk,cell,net
clknet_2_3__leaf_clk,clkload0,net,cell
clkload0,NA,cell,net
_107_,clone101,net,cell
_108_,clone101,net,cell
_111_,clone101,net,cell
_123_,clone101,net,cell
clone101,net154,cell,net
_142_,clone53,net,cell
_124_,clone53,net,cell
clone53,net106,cell,net
clknet_2_1__leaf_clk,ctrl.state.out\[0\]$_DFF_P_,net,cell
_000_,ctrl.state.out\[0\]$_DFF_P_,net,cell
ctrl.state.out\[0\]$_DFF_P_,_025_,cell,net
clknet_2_1__leaf_clk,ctrl.state.out\[1\]$_DFF_P_,net,cell
_001_,ctrl.state.out\[1\]$_DFF_P_,net,cell
ctrl.state.out\[1\]$_DFF_P_,_045_,cell,net
clknet_2_1__leaf_clk,ctrl.state.out\[2\]$_DFF_P_,net,cell
_002_,ctrl.state.out\[2\]$_DFF_P_,net,cell
ctrl.state.out\[2\]$_DFF_P_,_044_,cell,net
clknet_2_0__leaf_clk,dpath.a_reg.out\[0\]$_DFFE_PP_,net,cell
_054_,dpath.a_reg.out\[0\]$_DFFE_PP_,net,cell
dpath.a_reg.out\[0\]$_DFFE_PP_,_379_,cell,net
clknet_2_0__leaf_clk,dpath.a_reg.out\[10\]$_DFFE_PP_,net,cell
_055_,dpath.a_reg.out\[10\]$_DFFE_PP_,net,cell
dpath.a_reg.out\[10\]$_DFFE_PP_,_350_,cell,net
clknet_2_2__leaf_clk,dpath.a_reg.out\[11\]$_DFFE_PP_,net,cell
_056_,dpath.a_reg.out\[11\]$_DFFE_PP_,net,cell
dpath.a_reg.out\[11\]$_DFFE_PP_,_347_,cell,net
clknet_2_2__leaf_clk,dpath.a_reg.out\[12\]$_DFFE_PP_,net,cell
_057_,dpath.a_reg.out\[12\]$_DFFE_PP_,net,cell
dpath.a_reg.out\[12\]$_DFFE_PP_,_344_,cell,net
clknet_2_2__leaf_clk,dpath.a_reg.out\[13\]$_DFFE_PP_,net,cell
_058_,dpath.a_reg.out\[13\]$_DFFE_PP_,net,cell
dpath.a_reg.out\[13\]$_DFFE_PP_,_341_,cell,net
clknet_2_2__leaf_clk,dpath.a_reg.out\[14\]$_DFFE_PP_,net,cell
_059_,dpath.a_reg.out\[14\]$_DFFE_PP_,net,cell
dpath.a_reg.out\[14\]$_DFFE_PP_,_338_,cell,net
clknet_2_3__leaf_clk,dpath.a_reg.out\[15\]$_DFFE_PP_,net,cell
_060_,dpath.a_reg.out\[15\]$_DFFE_PP_,net,cell
dpath.a_reg.out\[15\]$_DFFE_PP_,_336_,cell,net
clknet_2_0__leaf_clk,dpath.a_reg.out\[1\]$_DFFE_PP_,net,cell
_061_,dpath.a_reg.out\[1\]$_DFFE_PP_,net,cell
dpath.a_reg.out\[1\]$_DFFE_PP_,_376_,cell,net
clknet_2_0__leaf_clk,dpath.a_reg.out\[2\]$_DFFE_PP_,net,cell
_062_,dpath.a_reg.out\[2\]$_DFFE_PP_,net,cell
dpath.a_reg.out\[2\]$_DFFE_PP_,_374_,cell,net
clknet_2_0__leaf_clk,dpath.a_reg.out\[3\]$_DFFE_PP_,net,cell
_063_,dpath.a_reg.out\[3\]$_DFFE_PP_,net,cell
dpath.a_reg.out\[3\]$_DFFE_PP_,_371_,cell,net
clknet_2_1__leaf_clk,dpath.a_reg.out\[4\]$_DFFE_PP_,net,cell
_064_,dpath.a_reg.out\[4\]$_DFFE_PP_,net,cell
dpath.a_reg.out\[4\]$_DFFE_PP_,_368_,cell,net
clknet_2_1__leaf_clk,dpath.a_reg.out\[5\]$_DFFE_PP_,net,cell
_065_,dpath.a_reg.out\[5\]$_DFFE_PP_,net,cell
dpath.a_reg.out\[5\]$_DFFE_PP_,_365_,cell,net
clknet_2_1__leaf_clk,dpath.a_reg.out\[6\]$_DFFE_PP_,net,cell
_066_,dpath.a_reg.out\[6\]$_DFFE_PP_,net,cell
dpath.a_reg.out\[6\]$_DFFE_PP_,_362_,cell,net
clknet_2_3__leaf_clk,dpath.a_reg.out\[7\]$_DFFE_PP_,net,cell
_067_,dpath.a_reg.out\[7\]$_DFFE_PP_,net,cell
dpath.a_reg.out\[7\]$_DFFE_PP_,_359_,cell,net
clknet_2_3__leaf_clk,dpath.a_reg.out\[8\]$_DFFE_PP_,net,cell
_068_,dpath.a_reg.out\[8\]$_DFFE_PP_,net,cell
dpath.a_reg.out\[8\]$_DFFE_PP_,_356_,cell,net
clknet_2_3__leaf_clk,dpath.a_reg.out\[9\]$_DFFE_PP_,net,cell
_069_,dpath.a_reg.out\[9\]$_DFFE_PP_,net,cell
dpath.a_reg.out\[9\]$_DFFE_PP_,_353_,cell,net
clknet_2_0__leaf_clk,dpath.b_reg.out\[0\]$_DFFE_PP_,net,cell
_070_,dpath.b_reg.out\[0\]$_DFFE_PP_,net,cell
dpath.b_reg.out\[0\]$_DFFE_PP_,_378_,cell,net
clknet_2_0__leaf_clk,dpath.b_reg.out\[10\]$_DFFE_PP_,net,cell
_071_,dpath.b_reg.out\[10\]$_DFFE_PP_,net,cell
dpath.b_reg.out\[10\]$_DFFE_PP_,_349_,cell,net
clknet_2_2__leaf_clk,dpath.b_reg.out\[11\]$_DFFE_PP_,net,cell
_072_,dpath.b_reg.out\[11\]$_DFFE_PP_,net,cell
dpath.b_reg.out\[11\]$_DFFE_PP_,_346_,cell,net
clknet_2_2__leaf_clk,dpath.b_reg.out\[12\]$_DFFE_PP_,net,cell
_073_,dpath.b_reg.out\[12\]$_DFFE_PP_,net,cell
dpath.b_reg.out\[12\]$_DFFE_PP_,_343_,cell,net
clknet_2_2__leaf_clk,dpath.b_reg.out\[13\]$_DFFE_PP_,net,cell
_074_,dpath.b_reg.out\[13\]$_DFFE_PP_,net,cell
dpath.b_reg.out\[13\]$_DFFE_PP_,_340_,cell,net
clknet_2_2__leaf_clk,dpath.b_reg.out\[14\]$_DFFE_PP_,net,cell
_075_,dpath.b_reg.out\[14\]$_DFFE_PP_,net,cell
dpath.b_reg.out\[14\]$_DFFE_PP_,_337_,cell,net
clknet_2_2__leaf_clk,dpath.b_reg.out\[15\]$_DFFE_PP_,net,cell
_076_,dpath.b_reg.out\[15\]$_DFFE_PP_,net,cell
dpath.b_reg.out\[15\]$_DFFE_PP_,_043_,cell,net
clknet_2_0__leaf_clk,dpath.b_reg.out\[1\]$_DFFE_PP_,net,cell
_077_,dpath.b_reg.out\[1\]$_DFFE_PP_,net,cell
dpath.b_reg.out\[1\]$_DFFE_PP_,_335_,cell,net
clknet_2_0__leaf_clk,dpath.b_reg.out\[2\]$_DFFE_PP_,net,cell
_078_,dpath.b_reg.out\[2\]$_DFFE_PP_,net,cell
dpath.b_reg.out\[2\]$_DFFE_PP_,_373_,cell,net
clknet_2_1__leaf_clk,dpath.b_reg.out\[3\]$_DFFE_PP_,net,cell
_079_,dpath.b_reg.out\[3\]$_DFFE_PP_,net,cell
dpath.b_reg.out\[3\]$_DFFE_PP_,_370_,cell,net
clknet_2_1__leaf_clk,dpath.b_reg.out\[4\]$_DFFE_PP_,net,cell
_080_,dpath.b_reg.out\[4\]$_DFFE_PP_,net,cell
dpath.b_reg.out\[4\]$_DFFE_PP_,_367_,cell,net
clknet_2_1__leaf_clk,dpath.b_reg.out\[5\]$_DFFE_PP_,net,cell
_081_,dpath.b_reg.out\[5\]$_DFFE_PP_,net,cell
dpath.b_reg.out\[5\]$_DFFE_PP_,_364_,cell,net
clknet_2_3__leaf_clk,dpath.b_reg.out\[6\]$_DFFE_PP_,net,cell
_082_,dpath.b_reg.out\[6\]$_DFFE_PP_,net,cell
dpath.b_reg.out\[6\]$_DFFE_PP_,_361_,cell,net
clknet_2_3__leaf_clk,dpath.b_reg.out\[7\]$_DFFE_PP_,net,cell
_083_,dpath.b_reg.out\[7\]$_DFFE_PP_,net,cell
dpath.b_reg.out\[7\]$_DFFE_PP_,_358_,cell,net
clknet_2_3__leaf_clk,dpath.b_reg.out\[8\]$_DFFE_PP_,net,cell
_084_,dpath.b_reg.out\[8\]$_DFFE_PP_,net,cell
dpath.b_reg.out\[8\]$_DFFE_PP_,_355_,cell,net
clknet_2_3__leaf_clk,dpath.b_reg.out\[9\]$_DFFE_PP_,net,cell
_085_,dpath.b_reg.out\[9\]$_DFFE_PP_,net,cell
dpath.b_reg.out\[9\]$_DFFE_PP_,_352_,cell,net
req_msg[0],input1,net,cell
input1,net1,cell,net
req_msg[18],input10,net,cell
input10,net10,cell,net
req_msg[19],input11,net,cell
input11,net11,cell,net
req_msg[1],input12,net,cell
input12,net12,cell,net
req_msg[20],input13,net,cell
input13,net13,cell,net
req_msg[21],input14,net,cell
input14,net14,cell,net
req_msg[22],input15,net,cell
input15,net15,cell,net
req_msg[23],input16,net,cell
input16,net16,cell,net
req_msg[24],input17,net,cell
input17,net17,cell,net
req_msg[25],input18,net,cell
input18,net18,cell,net
req_msg[26],input19,net,cell
input19,net19,cell,net
req_msg[10],input2,net,cell
input2,net2,cell,net
req_msg[27],input20,net,cell
input20,net20,cell,net
req_msg[28],input21,net,cell
input21,net21,cell,net
req_msg[29],input22,net,cell
input22,net22,cell,net
req_msg[2],input23,net,cell
input23,net23,cell,net
req_msg[30],input24,net,cell
input24,net24,cell,net
req_msg[31],input25,net,cell
input25,net25,cell,net
req_msg[3],input26,net,cell
input26,net26,cell,net
req_msg[4],input27,net,cell
input27,net27,cell,net
req_msg[5],input28,net,cell
input28,net28,cell,net
req_msg[6],input29,net,cell
input29,net29,cell,net
req_msg[11],input3,net,cell
input3,net3,cell,net
req_msg[7],input30,net,cell
input30,net30,cell,net
req_msg[8],input31,net,cell
input31,net31,cell,net
req_msg[9],input32,net,cell
input32,net32,cell,net
req_val,input33,net,cell
input33,net33,cell,net
reset,input34,net,cell
input34,net34,cell,net
resp_rdy,input35,net,cell
input35,net35,cell,net
req_msg[12],input4,net,cell
input4,net4,cell,net
req_msg[13],input5,net,cell
input5,net5,cell,net
req_msg[14],input6,net,cell
input6,net6,cell,net
req_msg[15],input7,net,cell
input7,net7,cell,net
req_msg[16],input8,net,cell
input8,net8,cell,net
req_msg[17],input9,net,cell
input9,net9,cell,net
net36,output36,net,cell
output36,req_rdy,cell,net
net37,output37,net,cell
output37,resp_msg[0],cell,net
net38,output38,net,cell
output38,resp_msg[10],cell,net
net39,output39,net,cell
output39,resp_msg[11],cell,net
net40,output40,net,cell
output40,resp_msg[12],cell,net
net41,output41,net,cell
output41,resp_msg[13],cell,net
net42,output42,net,cell
output42,resp_msg[14],cell,net
net43,output43,net,cell
output43,resp_msg[15],cell,net
net44,output44,net,cell
output44,resp_msg[1],cell,net
net45,output45,net,cell
output45,resp_msg[2],cell,net
net46,output46,net,cell
output46,resp_msg[3],cell,net
net47,output47,net,cell
output47,resp_msg[4],cell,net
net48,output48,net,cell
output48,resp_msg[5],cell,net
net49,output49,net,cell
output49,resp_msg[6],cell,net
net50,output50,net,cell
output50,resp_msg[7],cell,net
net51,output51,net,cell
output51,resp_msg[8],cell,net
net52,output52,net,cell
output52,resp_msg[9],cell,net
net53,output53,net,cell
output53,resp_val,cell,net
_016_,rebuffer1,net,cell
rebuffer1,net54,cell,net
_011_,rebuffer10,net,cell
rebuffer10,net63,cell,net
_005_,rebuffer100,net,cell
rebuffer100,net153,cell,net
_032_,rebuffer101,net,cell
rebuffer101,net162,cell,net
_368_,rebuffer102,net,cell
rebuffer102,net155,cell,net
_037_,rebuffer103,net,cell
rebuffer103,net156,cell,net
_353_,rebuffer104,net,cell
rebuffer104,net157,cell,net
_352_,rebuffer105,net,cell
rebuffer105,net158,cell,net
_179_,rebuffer106,net,cell
rebuffer106,net159,cell,net
_179_,rebuffer107,net,cell
rebuffer107,net160,cell,net
_031_,rebuffer108,net,cell
rebuffer108,net163,cell,net
_350_,rebuffer109,net,cell
rebuffer109,net164,cell,net
net63,rebuffer11,net,cell
rebuffer11,net64,cell,net
_350_,rebuffer110,net,cell
rebuffer110,net165,cell,net
_349_,rebuffer111,net,cell
rebuffer111,net166,cell,net
_352_,rebuffer113,net,cell
rebuffer113,net168,cell,net
_036_,rebuffer114,net,cell
rebuffer114,net169,cell,net
net64,rebuffer12,net,cell
rebuffer12,net65,cell,net
_011_,rebuffer13,net,cell
rebuffer13,net66,cell,net
net66,rebuffer14,net,cell
rebuffer14,net67,cell,net
net66,rebuffer15,net,cell
rebuffer15,net68,cell,net
net68,rebuffer16,net,cell
rebuffer16,net69,cell,net
_049_,rebuffer17,net,cell
rebuffer17,net70,cell,net
_049_,rebuffer18,net,cell
rebuffer18,net71,cell,net
net71,rebuffer19,net,cell
rebuffer19,net72,cell,net
net54,rebuffer2,net,cell
rebuffer2,net55,cell,net
net71,rebuffer20,net,cell
rebuffer20,net73,cell,net
net73,rebuffer21,net,cell
rebuffer21,net74,cell,net
net73,rebuffer22,net,cell
rebuffer22,net75,cell,net
_010_,rebuffer23,net,cell
rebuffer23,net76,cell,net
_010_,rebuffer24,net,cell
rebuffer24,net77,cell,net
net77,rebuffer25,net,cell
rebuffer25,net78,cell,net
_010_,rebuffer26,net,cell
rebuffer26,net79,cell,net
net79,rebuffer27,net,cell
rebuffer27,net80,cell,net
net161,rebuffer28,net,cell
rebuffer28,net81,cell,net
_020_,rebuffer29,net,cell
rebuffer29,net82,cell,net
net54,rebuffer3,net,cell
rebuffer3,net56,cell,net
net82,rebuffer30,net,cell
rebuffer30,net83,cell,net
net83,rebuffer31,net,cell
rebuffer31,net84,cell,net
net83,rebuffer32,net,cell
rebuffer32,net85,cell,net
_014_,rebuffer33,net,cell
rebuffer33,net86,cell,net
net86,rebuffer34,net,cell
rebuffer34,net87,cell,net
net86,rebuffer35,net,cell
rebuffer35,net88,cell,net
net86,rebuffer36,net,cell
rebuffer36,net89,cell,net
_008_,rebuffer37,net,cell
rebuffer37,net90,cell,net
net90,rebuffer38,net,cell
rebuffer38,net91,cell,net
net90,rebuffer39,net,cell
rebuffer39,net92,cell,net
net54,rebuffer4,net,cell
rebuffer4,net57,cell,net
net92,rebuffer40,net,cell
rebuffer40,net93,cell,net
_029_,rebuffer41,net,cell
rebuffer41,net94,cell,net
net94,rebuffer42,net,cell
rebuffer42,net95,cell,net
net94,rebuffer43,net,cell
rebuffer43,net96,cell,net
net94,rebuffer44,net,cell
rebuffer44,net97,cell,net
net97,rebuffer45,net,cell
rebuffer45,net98,cell,net
net97,rebuffer46,net,cell
rebuffer46,net99,cell,net
_023_,rebuffer47,net,cell
rebuffer47,net100,cell,net
net100,rebuffer48,net,cell
rebuffer48,net101,cell,net
net100,rebuffer49,net,cell
rebuffer49,net102,cell,net
_016_,rebuffer5,net,cell
rebuffer5,net58,cell,net
net102,rebuffer50,net,cell
rebuffer50,net103,cell,net
net102,rebuffer51,net,cell
rebuffer51,net104,cell,net
net100,rebuffer52,net,cell
rebuffer52,net105,cell,net
_020_,rebuffer53,net,cell
rebuffer53,net161,cell,net
_051_,rebuffer54,net,cell
rebuffer54,net107,cell,net
_051_,rebuffer55,net,cell
rebuffer55,net108,cell,net
net108,rebuffer56,net,cell
rebuffer56,net109,cell,net
net109,rebuffer57,net,cell
rebuffer57,net110,cell,net
net109,rebuffer58,net,cell
rebuffer58,net111,cell,net
_017_,rebuffer59,net,cell
rebuffer59,net112,cell,net
net58,rebuffer6,net,cell
rebuffer6,net59,cell,net
_017_,rebuffer60,net,cell
rebuffer60,net113,cell,net
_017_,rebuffer61,net,cell
rebuffer61,net114,cell,net
net114,rebuffer62,net,cell
rebuffer62,net115,cell,net
_367_,rebuffer63,net,cell
rebuffer63,net116,cell,net
_367_,rebuffer64,net,cell
rebuffer64,net117,cell,net
_020_,rebuffer65,net,cell
rebuffer65,net118,cell,net
net120,rebuffer66,net,cell
rebuffer66,net119,cell,net
net121,rebuffer67,net,cell
rebuffer67,net120,cell,net
net122,rebuffer68,net,cell
rebuffer68,net121,cell,net
net123,rebuffer69,net,cell
rebuffer69,net122,cell,net
net59,rebuffer7,net,cell
rebuffer7,net60,cell,net
net124,rebuffer70,net,cell
rebuffer70,net123,cell,net
net125,rebuffer71,net,cell
rebuffer71,net124,cell,net
net126,rebuffer72,net,cell
rebuffer72,net125,cell,net
net127,rebuffer73,net,cell
rebuffer73,net126,cell,net
net128,rebuffer74,net,cell
rebuffer74,net127,cell,net
net129,rebuffer75,net,cell
rebuffer75,net128,cell,net
net130,rebuffer76,net,cell
rebuffer76,net129,cell,net
net131,rebuffer77,net,cell
rebuffer77,net130,cell,net
net132,rebuffer78,net,cell
rebuffer78,net131,cell,net
net133,rebuffer79,net,cell
rebuffer79,net132,cell,net
net58,rebuffer8,net,cell
rebuffer8,net61,cell,net
net134,rebuffer80,net,cell
rebuffer80,net133,cell,net
net135,rebuffer81,net,cell
rebuffer81,net134,cell,net
net136,rebuffer82,net,cell
rebuffer82,net135,cell,net
net137,rebuffer83,net,cell
rebuffer83,net136,cell,net
net138,rebuffer84,net,cell
rebuffer84,net137,cell,net
net139,rebuffer85,net,cell
rebuffer85,net138,cell,net
net140,rebuffer86,net,cell
rebuffer86,net139,cell,net
net141,rebuffer87,net,cell
rebuffer87,net140,cell,net
net142,rebuffer88,net,cell
rebuffer88,net141,cell,net
net143,rebuffer89,net,cell
rebuffer89,net142,cell,net
net58,rebuffer9,net,cell
rebuffer9,net62,cell,net
net144,rebuffer90,net,cell
rebuffer90,net143,cell,net
net145,rebuffer91,net,cell
rebuffer91,net144,cell,net
net155,rebuffer92,net,cell
rebuffer92,net145,cell,net
_007_,rebuffer93,net,cell
rebuffer93,net146,cell,net
net146,rebuffer94,net,cell
rebuffer94,net147,cell,net
net147,rebuffer95,net,cell
rebuffer95,net148,cell,net
net146,rebuffer96,net,cell
rebuffer96,net149,cell,net
_005_,rebuffer97,net,cell
rebuffer97,net150,cell,net
net150,rebuffer98,net,cell
rebuffer98,net151,cell,net
net151,rebuffer99,net,cell
rebuffer99,net152,cell,net
